Address List
Americana+South+Bay+|+20707+Anza+Ave
2349+Jefferson+St+UNIT+323
23013+Samuel+St
23319+Adolph+Ave
24627+Madison+St
23809+Lamour+Ct
4006+Emerald+Street+|+4006+Emerald+St
16925+Prairie+Avenue+|+16925+Prairie+Ave
2531+W+225th+Pl+APT+D
19915+Mildred+Ave
21023+Amie+Ave
21107+Amie+Avenue+|+21107+Amie+Ave
16915+Crenshaw+Blvd+#+22
17011+Yukon+Ave
Emerald+Victoria+Apartments+|+3553+Emerald+St
5520+Highgrove+St
2405+Torrance+Blvd+APT+D
4827+Milne+Dr
120+Palos+Verdes+Blvd+#+C
2871+W+Carson+St
3303+Dalemead+St
2658+Pacific+Coast+Hwy
4926+Merrill+St
350+Palos+Verdes+Blvd+APT+10
5512+White+Ct
2559+Plaza+Del+Amo+UNIT+207
706+Sartori+Ave
4118+Emerald+St+APT+A
21020+Wood+Ave+APT+B
20415+Anza+Ave+APT+12
Seville+Townhouse+|+20440+Anza+Ave
1320+Madrid+Ave
17575+Yukon+Ave
TUSCANY+VILLAS+|+3471+Maricopa+St
1752+Date+Ave
Milano+|+20900+Anza+Ave
2715+El+Dorado+St
20936+Amie+Ave+APT+12
20606+Anza+Ave+APT+9
24251+Madison+St
3338+Redondo+Beach+Blvd+APT+115
Palermo+|+4315+W+182nd+St
208+Palos+Verdes+Blvd+APT+2
23038+Arlington+Avenue+|+23038+Arlington+Ave
3900+Redondo+Beach+Blvd
5674+Towers+St
1024+Arlington+Ave+#+3
921+Arlington+Ave
3228+Winlock+Rd
2979+W+235th+Street+|+2979+W+235th+St
24431-24433+Hawthorne+Blvd.+|+24431-24433+Hawthorne+Blvd
6100+S.+Pacific+Coast+Hwy.+|+6100+S+Pacific+Coast+Hwy
1751+Cabrillo+Ave+APT+D
3030+Lazy+Meadow+Dr
21602+Palos+Verdes+Blvd
3848-3858+W+226th+St
1800+Oak+St+UNIT+204
Reynolds+Dr
Aurora
24458+Park+St
Americana+-+Il+Pompeii+|+3635+Artesia+Blvd
113+Paseo+De+La+Concha+APT+101
6202+Pacific+Coast+Highway+|+6202+S+Pacific+Coast+Hwy
4802+Towers+St
3512+W+187th+St
25622+Amber+Leaf+Rd
23930+Los+Codona+Ave+APT+122
25610+January+Dr
Furnished+Studio+-+Los+Angeles+-+Torrance+-+Del+Amo+Circle+|+3995+W+Carson+St
Furnished+Studio+-+Los+Angeles+-+Torrance+Blvd.+|+3525+Torrance+Blvd
17817+Crenshaw+Blvd+APT+3
20418+Osage+Ave
18006+Manhattan+Pl
Ocean+West+Apartments
21345+Hawthorne+Blvd
3333+Danaha+St
4928+Asteria+St
21834+Ocean+Ave
4334+W+177th+St
2305+W+161st+St
16915+Crenshaw+Blvd
21014+Donora+Ave+APT+B
4104+Emerald+St+APT+D
1731+Cabrillo+Ave+APT+2
3444-3450+Redondo+Beach+Blvd+#+505
1200+Opal+St
2800+Plaza+Del+Amo+UNIT+411
23108+Los+Codona+Ave
2714+Gramercy+Ave
The+CitiZen+South+Bay+on+Anza+|+23418+Anza+Ave
216+Via+Los+Altos
1525+Marcelina+Ave
2512+Dalemead+St
21621+Palos+Verdes+Blvd
2800+Plaza+Del+Amo+UNIT+328
22675+Nadine+Cir
17213+Yukon+Ave
Jefferson+St
2971+W+235th+St+APT+3
22608+Ocean+Ave
23805+Arlington+Ave+APT+22
244+Calle+Miramar
148+Palos+Verdes+Blvd+APT+5
2736+Arlington+Ave
2501+W+182nd+St+APT+1
23820+Arlington+Avenue+|+23820+Arlington+Ave
2509+W+182nd+St+APT+7
2108+W+183rd+St
308+Paseo+De+La+Playa+APT+4
22305+Marjorie+Ave
20706+Mansel+Ave
811+Amapola+Ave+APT+3
5049+Deelane+St
3442+W+171st+St
Copa+Pacific+|+23930+Ocean+Ave
20917+Amie+Ave
24061+24065+Neece+Avenue+|+24061+24065+Neece+Ave
20707+Amie+Ave+APT+6
The+CitiZen+South+Bay+on+W235+|+2545+W+235th+St
25232+Bigelow+Rd
21008+Victor+St+APT+1
3694+Redondo+Beach+Blvd
20336+Anza+Avenue+|+20336+Anza+Ave
827+Kornblum+Ave
2602+Pacific+Coast+Hwy
3477+Maricopa+St+APT+38
2721+Cabrillo+Ave+APT+A
1719+Fern+Ave
24548+Park+St
20428+Osage+Ave+APT+C
21007+Victor+Street+|+21007+Victor+St
5618+Ruby+Pl
22902+Ladeene+Ave
2220+Arlington+Ave+#+TORRANCE
2919+W+235th+St+APT+3
128+Palos+Verdes+Blvd+APT+3
1026+Arlington+Ave+#+3A
1424+Madrid+Ave+APT+4
5808+S+Pacific+Coast+Hwy+APT+10
5202+Deelane+St
24415+Ward+St
Ladeene
1823+Santa+Fe+Ave
4414+Highgrove+Ave
23624+Susana+Ave
2349+Jefferson+St+UNIT+208
2349+Jefferson+St+UNIT+121
2317+W+180th+Pl
4208+Sepulveda+Blvd+APT+45
3623+Garnet+St+APT+3
1810+Arlington+Ave
316+Via+El+Chico
20521+Madrona+Ave
25930+Rolling+Hills+Rd+APT+402
Continental+Apts
238+Calle+De+Madrid
3915+W+231st+Pl
2221+W+235th+St
4046+Artesia+Blvd
Sea+Breeze+Apartments+at+the+Beach+|+341+Calle+Miramar
2816+W+182nd+St+APT+16
4115+W+182nd+St
3114+Sonoma+St
4829+Macafee+Rd
348+Calle+De+Andalucia
20627+Amie+Ave+APT+12
1022+Arlington+Ave
5315+Clearsite+St
22628+Maple+Ave+APT+2
320+Calle+Miramar+APT+A
4325+W+182nd+St+APT+4
4816+White+Ct
209+Calle+Mayor
320+Paseo+De+La+Playa+APT+C
2810+Onrado+St
649+Paseo+De+La+Playa+UNIT+301
4507+Spencer+St
4822+Sara+Dr
17424+Delia+Ave
121+Paseo+De+La+Concha+APT+F
21084+Wendy+Dr
20927+Amie+Avenue+|+20927+Amie+Ave
3010+Winlock+Rd
3834+W+181st+St
2749+Portobello+Dr
18319+Grevillea+Ave
21922+Ladeene+Ave
4909+Calle+De+Arboles
23442+Evalyn+Ave
3560+Maricopa+St+APT+1
4726+Del+Amo+Blvd
804+Crenshaw+Blvd
21007+Victor+St
1812+Cabrillo+Ave
2230+W+233rd+St
21104+Donora+Ave
2742+Cabrillo+Ave+UNIT+310
21107+Amie+Avenue+|+21107+Amie+Ave
24249+Neece+Ave
2825+Plaza+Del+Amo+UNIT+152
Pacific+Apartment+Homes
3929+W+242nd+Street+|+3929+W+242nd+St
23611+Arlington+Ave
Emerald+Green
25605+Amber+Leaf+Rd
20720+Anza+Ave
Gardens+on+Arlington+|+23330+Arlington+Ave
17030+Yukon+Ave+APT+2
Chateau+Garnet+Apts.+|+3707+Garnet+St
1026+Arlington+Ave+APT+3
2300+Maple+Ave
20912+Amie+Ave
2300+Maple+Ave+APT+68
18310+Elgar+Ave
16901+Crenshaw+Blvd+#+5
2253+Santa+Fe+Ave
2755+W+234th+St
2320+W+238th+St
